{
    "type": "minecraft:smithing_transform",
    "template": {
      "item": "minecraft:lightning_rod"
    },
    "base": {
      "item": "minecraft:golden_helmet"
    },
    "addition": {
      "item": "minecraft:copper_ingot"
    },
    "result": {
      "id": "minecraft:leather_helmet",
      "count": 1,
      "components": {
        "minecraft:unbreakable": {
          "show_in_tooltip": true
        },
        "minecraft:custom_data": "{zap:copper_armor}",
        "minecraft:enchantment_glint_override": false,
        "minecraft:enchantments": {
          "zapped:charged": 0
        },
        "attribute_modifiers": {
          "modifiers": [
            {
              "id": "oxygen_bonus",
              "type": "minecraft:generic.oxygen_bonus",
              "amount": 3,
              "operation": "add_value"
            }
          ]
        },
        "minecraft:dyed_color": {
          "rgb": 15565404,
          "show_in_tooltip": false
        },
        "minecraft:custom_name": "\"Copper Helmet\"",
        "custom_model_data": 121
      }
    }
  }
  
  