{
    "type": "minecraft:smithing_transform",
    "template": {
      "item": "minecraft:copper_ingot"
    },
    "base": {
      "item": "minecraft:golden_leggings"
    },
    "addition": {
      "item": "minecraft:copper_ingot"
    },
    "result": {
      "id": "minecraft:leather_leggings",
      "count": 1,
      "components": {
        "minecraft:unbreakable": {
          "show_in_tooltip": true
        },
        "minecraft:custom_data": "{zap:copper_armor}",
        "minecraft:enchantment_glint_override": false,
        "minecraft:enchantments": {
          "zapped:charged": 0
        },
        "minecraft:dyed_color": {
          "rgb": 15565404,
          "show_in_tooltip": false
        },
        "minecraft:custom_name": "\"Copper Leggings\"",
        "custom_model_data": 121
      }
    }
  }
  