{
  "type": "minecraft:crafting_shaped",
  "pattern": [
    " 1 ",
    " 2 ",
    " 2 "
  ],
  "key": {
    "1": {
      "item": "minecraft:copper_ingot"
    },
    "2": {
      "item": "minecraft:stick"
    }
  },
  "result": {
    "id": "minecraft:golden_shovel",
    "count": 1,
    "components": {
      "minecraft:unbreakable": {
        "show_in_tooltip": true
      },
      "minecraft:custom_data": "{zap:copper_tool}",
      "minecraft:enchantment_glint_override": false,
      "minecraft:enchantments": {
        "zapped:charged": 0
      },
      "attribute_modifiers": {
        "modifiers": [
          {
            "id": "block_break_speed",
            "type": "minecraft:player.block_break_speed",
            "amount": -0.6,
            "operation": "add_value",
            "slot": "mainhand"
          }
        ]
      },
      "minecraft:custom_name": "\"Copper Shovel\"",
      "minecraft:custom_model_data": 121
    }
  }
}
