{
  "condition": "minecraft:any_of",
  "terms": [
    {
      "condition": "minecraft:entity_properties",
      "entity": "this",
      "predicate": {
        "nbt": "{Inventory:[{id:\"minecraft:leather_chestplate\",Slot:102b,components:{\"minecraft:custom_data\":{zap:chestplate},\"minecraft:enchantments\":{'levels':{\"zapped:charged\":14}}}}]}"
      }
    },
    {
      "condition": "minecraft:entity_properties",
      "entity": "this",
      "predicate": {
        "nbt": "{Inventory:[{id:\"minecraft:leather_chestplate\",Slot:102b,components:{\"minecraft:custom_data\":{zap:chestplate},\"minecraft:enchantments\":{'levels':{\"zapped:charged\":13}}}}]}"
      }
    },
    {
      "condition": "minecraft:entity_properties",
      "entity": "this",
      "predicate": {
        "nbt": "{Inventory:[{id:\"minecraft:leather_chestplate\",Slot:102b,components:{\"minecraft:custom_data\":{zap:chestplate},\"minecraft:enchantments\":{'levels':{\"zapped:charged\":12}}}}]}"
      }
    },
    {
      "condition": "minecraft:entity_properties",
      "entity": "this",
      "predicate": {
        "nbt": "{Inventory:[{id:\"minecraft:leather_chestplate\",Slot:102b,components:{\"minecraft:custom_data\":{zap:chestplate},\"minecraft:enchantments\":{'levels':{\"zapped:charged\":11}}}}]}"
      }
    },
    {
      "condition": "minecraft:entity_properties",
      "entity": "this",
      "predicate": {
        "nbt": "{Inventory:[{id:\"minecraft:leather_chestplate\",Slot:102b,components:{\"minecraft:custom_data\":{zap:chestplate},\"minecraft:enchantments\":{'levels':{\"zapped:charged\":10}}}}]}"
      }
    },
    {
      "condition": "minecraft:entity_properties",
      "entity": "this",
      "predicate": {
        "nbt": "{Inventory:[{id:\"minecraft:leather_chestplate\",Slot:102b,components:{\"minecraft:custom_data\":{zap:chestplate},\"minecraft:enchantments\":{'levels':{\"zapped:charged\":9}}}}]}"
      }
    }
  ]
}
