{
    "condition": "minecraft:any_of",
    "terms": [
      {
        "condition": "minecraft:location_check",
        "predicate": {
          "block": {
            "blocks": [
              "minecraft:copper_bulb",
              "minecraft:exposed_copper_bulb",
              "minecraft:weathered_copper_bulb",
              "minecraft:oxidized_copper_bulb",
              "minecraft:waxed_copper_bulb",
              "minecraft:waxed_exposed_copper_bulb",
              "minecraft:waxed_weathered_copper_bulb",
              "minecraft:waxed_oxidized_copper_bulb"
            ],
            "state": {
              "lit": "false"
            }
          }
        }
      },
      {
        "condition": "minecraft:location_check",
        "predicate": {
          "block": {
            "blocks": "minecraft:air"
          }
        }
      },
      {
        "condition": "minecraft:entity_scores",
        "entity": "this",
        "scores": {
          "charge": {
            "min": 0,
            "max": 2
          }
        }
      }
    ]
  }
  