{
    "condition": "minecraft:all_of",
    "terms": [
      {
        "condition": "minecraft:weather_check",
        "raining": false,
        "thundering": false
      },
      {
        "condition": "minecraft:location_check",
        "predicate": {
          "can_see_sky": true,
          "block": {
            "blocks": "minecraft:daylight_detector"
          }
        }
      },
      {
        "condition": "minecraft:inverted",
        "term": {
          "condition": "minecraft:time_check",
          "value": {
            "min": 13670,
            "max": 22330
          },
          "period": 24000
        }
      }
    ]
  }
  