{
    "type": "minecraft:crafting_shaped",
    "pattern": [
      " 1 ",
      " 1 ",
      " 2 "
    ],
    "key": {
      "1": {
        "item": "minecraft:copper_ingot"
      },
      "2": {
        "item": "minecraft:stick"
      }
    },
    "result": {
      "id": "minecraft:golden_sword",
      "count": 1,
      "components": {
        "minecraft:unbreakable": {
          "show_in_tooltip": true
        },
        "minecraft:custom_data": "{zap:copper_tool}",
        "minecraft:enchantment_glint_override": false,
        "minecraft:enchantments": {
          "zapped:charged": 0
        },
        "attribute_modifiers": {
          "modifiers": [
            {
              "id": "attack_damage",
              "type": "minecraft:generic.attack_damage",
              "amount": 4,
              "operation": "add_value",
              "slot": "mainhand"
            },
            {
              "id": "attack_speed",
              "type": "minecraft:generic.attack_speed",
              "amount": -3,
              "operation": "add_value",
              "slot": "mainhand"
            },
            {
              "id": "sweeping_damage_ratio",
              "type": "minecraft:player.sweeping_damage_ratio",
              "amount": -3,
              "operation": "add_value",
              "slot": "mainhand"
            }
          ]
        },
        "minecraft:custom_name": "\"Copper Sword\"",
        "minecraft:custom_model_data": 121        
      }
    }
  }
  