{
  "condition": "minecraft:any_of",
  "terms": [
    {
      "condition": "minecraft:entity_properties",
      "entity": "this",
      "predicate": {
        "nbt": "{Inventory:[{id:\"minecraft:leather_chestplate\",Slot:102b,components:{\"minecraft:custom_data\":{zap:chestplate},\"minecraft:enchantments\":{'levels':{\"zapped:charged\":8}}}}]}"
      }
    },
    {
      "condition": "minecraft:entity_properties",
      "entity": "this",
      "predicate": {
        "nbt": "{Inventory:[{id:\"minecraft:leather_chestplate\",Slot:102b,components:{\"minecraft:custom_data\":{zap:chestplate},\"minecraft:enchantments\":{'levels':{\"zapped:charged\":7}}}}]}"
      }
    },
    {
      "condition": "minecraft:entity_properties",
      "entity": "this",
      "predicate": {
        "nbt": "{Inventory:[{id:\"minecraft:leather_chestplate\",Slot:102b,components:{\"minecraft:custom_data\":{zap:chestplate},\"minecraft:enchantments\":{'levels':{\"zapped:charged\":6}}}}]}"
      }
    },
    {
      "condition": "minecraft:entity_properties",
      "entity": "this",
      "predicate": {
        "nbt": "{Inventory:[{id:\"minecraft:leather_chestplate\",Slot:102b,components:{\"minecraft:custom_data\":{zap:chestplate},\"minecraft:enchantments\":{'levels':{\"zapped:charged\":5}}}}]}"
      }
    },
    {
      "condition": "minecraft:entity_properties",
      "entity": "this",
      "predicate": {
        "nbt": "{Inventory:[{id:\"minecraft:leather_chestplate\",Slot:102b,components:{\"minecraft:custom_data\":{zap:chestplate},\"minecraft:enchantments\":{'levels':{\"zapped:charged\":4}}}}]}"
      }
    },
    {
      "condition": "minecraft:entity_properties",
      "entity": "this",
      "predicate": {
        "nbt": "{Inventory:[{id:\"minecraft:leather_chestplate\",Slot:102b,components:{\"minecraft:custom_data\":{zap:chestplate},\"minecraft:enchantments\":{'levels':{\"zapped:charged\":3}}}}]}"
      }
    }
  ]
}
