{
  "condition": "minecraft:any_of",
  "terms": [
    {
      "condition": "minecraft:entity_properties",
      "entity": "this",
      "predicate": {
        "nbt": "{Inventory:[{id:\"minecraft:leather_chestplate\",Slot:102b,components:{\"minecraft:custom_data\":{zap:chestplate},\"minecraft:enchantments\":{'levels':{\"zapped:charged\":26}}}}]}"
      }
    },
    {
      "condition": "minecraft:entity_properties",
      "entity": "this",
      "predicate": {
        "nbt": "{Inventory:[{id:\"minecraft:leather_chestplate\",Slot:102b,components:{\"minecraft:custom_data\":{zap:chestplate},\"minecraft:enchantments\":{'levels':{\"zapped:charged\":25}}}}]}"
      }
    },
    {
      "condition": "minecraft:entity_properties",
      "entity": "this",
      "predicate": {
        "nbt": "{Inventory:[{id:\"minecraft:leather_chestplate\",Slot:102b,components:{\"minecraft:custom_data\":{zap:chestplate},\"minecraft:enchantments\":{'levels':{\"zapped:charged\":24}}}}]}"
      }
    },
    {
      "condition": "minecraft:entity_properties",
      "entity": "this",
      "predicate": {
        "nbt": "{Inventory:[{id:\"minecraft:leather_chestplate\",Slot:102b,components:{\"minecraft:custom_data\":{zap:chestplate},\"minecraft:enchantments\":{'levels':{\"zapped:charged\":23}}}}]}"
      }
    },
    {
      "condition": "minecraft:entity_properties",
      "entity": "this",
      "predicate": {
        "nbt": "{Inventory:[{id:\"minecraft:leather_chestplate\",Slot:102b,components:{\"minecraft:custom_data\":{zap:chestplate},\"minecraft:enchantments\":{'levels':{\"zapped:charged\":22}}}}]}"
      }
    },
    {
      "condition": "minecraft:entity_properties",
      "entity": "this",
      "predicate": {
        "nbt": "{Inventory:[{id:\"minecraft:leather_chestplate\",Slot:102b,components:{\"minecraft:custom_data\":{zap:chestplate},\"minecraft:enchantments\":{'levels':{\"zapped:charged\":21}}}}]}"
      }
    }
  ]
}
