{
  "condition": "minecraft:any_of",
  "terms": [
    {
      "condition": "minecraft:entity_properties",
      "entity": "this",
      "predicate": {
        "nbt": "{Inventory:[{id:\"minecraft:leather_chestplate\",Slot:102b,components:{\"minecraft:custom_data\":{zap:chestplate},\"minecraft:enchantments\":{'levels':{\"zapped:charged\":20}}}}]}"
      }
    },
    {
      "condition": "minecraft:entity_properties",
      "entity": "this",
      "predicate": {
        "nbt": "{Inventory:[{id:\"minecraft:leather_chestplate\",Slot:102b,components:{\"minecraft:custom_data\":{zap:chestplate},\"minecraft:enchantments\":{'levels':{\"zapped:charged\":19}}}}]}"
      }
    },
    {
      "condition": "minecraft:entity_properties",
      "entity": "this",
      "predicate": {
        "nbt": "{Inventory:[{id:\"minecraft:leather_chestplate\",Slot:102b,components:{\"minecraft:custom_data\":{zap:chestplate},\"minecraft:enchantments\":{'levels':{\"zapped:charged\":18}}}}]}"
      }
    },
    {
      "condition": "minecraft:entity_properties",
      "entity": "this",
      "predicate": {
        "nbt": "{Inventory:[{id:\"minecraft:leather_chestplate\",Slot:102b,components:{\"minecraft:custom_data\":{zap:chestplate},\"minecraft:enchantments\":{'levels':{\"zapped:charged\":17}}}}]}"
      }
    },
    {
      "condition": "minecraft:entity_properties",
      "entity": "this",
      "predicate": {
        "nbt": "{Inventory:[{id:\"minecraft:leather_chestplate\",Slot:102b,components:{\"minecraft:custom_data\":{zap:chestplate},\"minecraft:enchantments\":{'levels':{\"zapped:charged\":16}}}}]}"
      }
    },
    {
      "condition": "minecraft:entity_properties",
      "entity": "this",
      "predicate": {
        "nbt": "{Inventory:[{id:\"minecraft:leather_chestplate\",Slot:102b,components:{\"minecraft:custom_data\":{zap:chestplate},\"minecraft:enchantments\":{'levels':{\"zapped:charged\":15}}}}]}"
      }
    }
  ]
}
